Index,Title,Price,Color
1,Vexx: Uno Court - Vexx Multi-Moji,"100,00 ",2 
2,Skechers Slip-ins: Snoop One - Rhine-Stoned,"110,00 ",2 
3,Skechers Slip-ins: Arch Fit Arcade - Forever Cozy,"80,00 ",2 
4,Arch Fit Arcade - Meet Ya There,"75,00 ",2
5,Arch Fit Arcade - On My Way,"75,00 ",1 
6,Skechers Slip-ins: BOBS Skip Cute - B Cute Sweet,"65,00 ",3 
7,Skechers Slip-ins: BOBS Sport Squad Chaos,"80,00 ",5
8,Skechers Slip-ins GO Walk Glide-Step 2.0 - Venus,"100,00 ",2
9,Skechers Slip-ins: Glide-Step - Prism,"80,00 ",1 
10,Skechers Slip-ins: Glide-Step Pro - Everyday,"90,00 ",2 
11,Skechers Slip-ins: Glide-Step Altus,"110,00 ",3 
12,Skechers Slip-ins: Glide-Step - Tranquility,"90,00 ",1 
13,Skechers Slip-ins: Glide-Step - Excite,"95,00 ",1 
14,Skechers Slip-ins: Ultra Flex 3.0 - Brilliant,"100,00 ",9
15,Skechers Slip-ins: Ultra Flex 3.0 - New Energy,"100,00 ",1 
16,Skechers Slip-ins: Ultra Flex 3.0 - Smooth Step,"95,00 ",4
17,Skechers Slip-ins: Ultra Flex 3.0 - Cozy Streak,"100,00 ",1 
18,Skechers Slip-ins: Summits - Dazzling Haze,"80,00 ",6
19,Skechers Slip-ins: Max Cushioning Elite 2.0,"120,00 ",3 
20,Skechers Slip-ins: Arch Fit 2.0 - Right as Rain,"130,00 ",1 
21,BOBS D'Vine - Spotted Bud,"55,00 ",1 
22,BOBS D'Vine - Doodle Fair,"60,00 ",1 
23,BOBS Beyond - Pup Parade,"55,00 ",1 
24,Uno Wedge - Everything Nice,"90,00 ",3 
25,Uno Wedge - HI Steps,"90,00 ",3 
26,Uno Envy - Pointed Bliss,"95,00 ",4 
27,Uno Lite - Lite Work,"70,00 ",3 
28,Uno - Stand on Air,"90,00 ",33
29,Uno - Galactic Gal,"95,00 ",3 
30,Uno - Shimmer Away,"90,00 ",7
31,Uno - Golden Air,"90,00 ",3 
32,Uno - Glitter Bomb,"90,00 ",2 
33,Uno Rugged - Spotted Terrain,"110,00 ",1 
34,Uno Prima - Starlet,"130,00 ",2 
35,Uno Court - Fast Break,"85,00 ",3 
36,Ricardo Cavolo: Uno - Flaming Love,"100,00 ",1 
37,Uno - - Stand High,"90,00 ",3 
38,Uno Rugged - Fall Shimmer,"95,00 ",2 
39,Uno Peaks - Moon Puffz,"90,00 ",2 
40,Uno Court - Courted Air,"85,00 ",2 
41,Jade - Chestnut Chills,"80,00 ",1 
42,Uno Court - Courted Style,"85,00 ",1 
43,Jade - Best In Class,"75,00 ",5 
44,Sport Court 2.0 - Core Essential,"75,00 ",2 
45,Eden LX - Slick Talk,"70,00 ",1 
46,D'Lites - Popular Vote,"80,00 ",2 
47,Skechers Slip-ins Relaxed Fit: Easy Going - Cozy Weather 2,"90,00 ",2 
48,Skechers Slip-ins: Easy Going - Fun Habits,"85,00 ",1 
49,Skechers Slip-ins: Easy Going - Fall Adventures,"85,00 ",2 
50,Arya - Fashionista,"75,00 ",2 
51,HI Ryze - Street Stomper,"85,00 ",2 
52,BOBS Keepsakes Lite - Cozy Fest,"45,00 ",2 
53,Cozy Campfire - Winter Nights,"45,00 ",3 
54,Cozy Up,"40,00 ",3 
55,BOBS Cozy Chill - Cozy Spot,"40,00 ",1 
56,Tres-Air Uno - Ah-Mazing,"90,00 ",4 
57,Skechers Slip-ins: GO RUN Consistent 2.0 - Endure,"90,00 ",2 
58,Skechers Slip-ins: GO WALK 7 - Mia,"100,00 ",2 
59,Skechers Slip-ins: GO WALK 7 - Valin,"110,00 ",2 
60,Skechers Slip-ins: Breathe-Easy - Home-Body,"85,00 ",2 
61,Skechers Slip-ins: GO WALK Arch Fit 2.0,"110,00 ",4 
62,Skechers Slip-ins: GO WALK 7 - Adel,"100,00 ",2 
63,GO WALK MAX Walker - Vea,"95,00 ",1 
64,GO WALK Arch Fit 2.0 - Paityn,"90,00 ",2 
65,GO WALK 7 - Zaida,"85,00 ",1 
66,GO WALK Arch Fit 2.0 - Balin,"95,00 ",4 
67,Arch Fit 2.0 - Sheer Shimmer,"90,00 ",2 
68,Skechers Arch Fit S-Miles - Mile Makers,"100,00 ",2 
69,Arch Fit 2.0 - Glow The Distance,"95,00 ",2 
70,Arch Fit 2.0 - Big League,"95,00 ",6
71,Arch Fit 2.0 - Star Bound,"95,00 ",2 
72,Skechers Arch Fit - Big Appeal,"100,00 ",5
73,Arch Fit Vista - Gleaming,"100,00 ",2 
74,Arch Fit 2.0 - Dark Horse,"95,00 ",1 
75,GO WALK 7 - Ivy,"80,00 ",1
76,GO WALK 7 - Cosmic Waves,"85,00 ",3 
77,GO WALK 7 - Clear Path,"80,00 ",4
78,Skechers Slip-ins: Virtue - Divinity,"85,00 ",3 
79,Skechers Slip-ins: Summits - Classy Night,"80,00 ",2 
80,Skechers Slip-ins: Ultra Flex 3.0 - Shiny Night,"100,00 ",2 
81,Skechers Slip-ins: GO GOLF WALK 5 - Slip-Ins,"115,00 ",1 
82,Skechers Slip-ins: GO GOLF Elite 5 - Slip 'In,"155,00 ",1 
83,Skechers Slip-ins: GO WALK Flex - Grand Entry,"85,00 ",5 
84,Skechers Slip-ins: GO WALK Flex - Relish,"85,00 ",2 
85,Skechers Slip-ins: On-the-GO Flex - Camellia,"80,00 ",2 
86,Skechers Slip-ins: GO WALK 6 - Fabulous View,"100,00 ",1 
87,Skechers Slip-Ins: GO WALK 6 - Vivid Idea,"110,00 ",1 
88,Skechers Slip-ins: On-the-GO Flex - Serene,"80,00 ",1 
89,Skechers Slip-ins: On-the-GO Flex - Captivating,"80,00 ",1 
90,Skechers Slip-ins Work: Summits SR - Enslee,"90,00 ",1 
91,D'Lites - New Heat,"75,00 ",3 
92,Skechers Slip-ins: Gratis Sport - Leisurely,"90,00 ",2 
93,Skechers Slip-ins: Hillcrest - Sunapee,"100,00 ",3 
94,Skechers Slip-ins RF: Easy Going - Modern Hour,"85,00 ",2 
95,Skechers Slip-ins: Eden LX - Royal Stride,"80,00 ",2 
96,Skechers Slip-ins Mark Nason: A Wedge - Crecent,"95,00 ",3 
97,Mark Nason: New Wave Cup - The Rally,"85,00 ",1 
98,D'Lites - Fresh Start,"75,00 ",2
99,D'Lites - Biggest Fan,"75,00 ",3
100,D'Lites - Bold Views,"75,00 ",1 
101,D'Lites Hiker,"90,00 ",3 
102,Relaxed Fit: Trego - Trail Destiny,"80,00 ",2
103,Relaxed Fit: Trego - Lookout Point,"100,00 ",1 
104,Relaxed Fit: Trego - Alpine Trail,"110,00 ",1
105,Relaxed Fit: Trego - Base Camp,"110,00 ",1 
106,Escape Plan - Outward Voyage,"120,00 ",1 
107,Hillcrest - New Traveler,"80,00 ",1 
108,Hillcrest - Nature Walk,"80,00 ",1
109,Arya - One Moment,"80,00 ",1 
110,Skechers BOBS Sport Sparrow 2.0 - Allegiance Crew,"70,00 ",2 
111,Uno 2 - Air Around You,"95,00 ",2 
112,Million Air - Elevated Air,"85,00 ",3 
113,D'Lites - Good Neutral,"75,00 ",2 
114,Relaxed Fit: D'Lux Walker 2.0 - Daisy Doll,"90,00 ",2 
115,Relaxed Fit: D'Lux Walker 2.0 - Sparkle Forever,"85,00 ",2 
116,Relaxed Fit: D'Lux Walker 2.0 - Bold State,"85,00 ",5 
117,Relaxed Fit: D'Lux Journey - Marigold,"95,00 ",2 
118,Skechers Viper Court Smash - Pickleball,"80,00 ",1 
119,Max Cushioning Elite 2.0,"110,00 ",2 
120,Max Cushioning Elite 2.0 - Enhanced,"110,00 ",2 
121,Skechers Max Cushioning Elite - Step Up,"110,00 ",1 
122,Work: Max Cushioning Elite SR,"95,00 ",1 
123,Gusto,"80,00 ",1 
124,GO WALK Flex - Viva,"70,00 ",1 
125,GO WALK Flex - Caley,"75,00 ",2 
126,GO WALK Flex - Ocean Sunset,"70,00 ",1 
127,GO WALK Flex - Alani,"70,00 ",1
128,BOBS D'Vine - Instant Delight,"55,00 ",2 
129,BOBS Copa,"60,00 ",3 
130,BOBS B Cute,"50,00 ",2 
131,Skechers BOBS Sport Geo - New Aesthetics,"65,00 ",7 
132,Skechers BOBS Sport Squad Chaos - Face Off,"65,00 ",7
133,Skechers BOBS Sport B Flex - Visionary Essence,"60,00 ",4 
134,Bobs Sport Squad Chaos - Cool Rythms,"65,00 ",4 
135,Bobs Sport Squad Air - Close Encounter,"80,00 ",1 
136,GO RUN Supersonic Max,"90,00 ",3 
137,GO RUN Elevate - Cadena,"80,00 ",2 
138,Hazel - Step N Flow,"80,00 ",1 
139,GO RUN Lite - Aurora Sky,"80,00 ",1 
140,GO RUN Lite - Inertia,"80,00 ",1 
141,Vapor Foam - True Classic,"75,00 ",3 
142,Vapor Foam - Midnight Glimmer,"80,00 ",1 
143,Vapor Foam,"80,00 ",1 
144,Vapor Foam - Fresh Trend,"80,00 ",4 
145,Relaxed Fit: Breathe-Easy - Infi-Knity,"75,00",1 
146,Viper Court - Pickleball,"100,00 ",1 
147,Skech-Air Meta,"85,00 ",1 
148,GO WALK Arch Fit - Uptown Summer,"100,00 ",2 
149,GO WALK 6 - Iconic Vision,"85,00 ",2 
150,Iconic,"60,00 ",2 
151,Skechers GOwalk 6 - Big Splash,"80,00 ",1 
152,Skechers GOwalk 6 - Clear Virtue,"85,00",2 
153,Skechers GOwalk 6 - Magic Melody,"85,00",1 
154,GO WALK 6 - Bold Vision,"90,00 ",3 
155,On-the-GO Flex - Ashore,"70,00 ",2 
156,GO WALK Joy - Sensational Day,"65,00 ",4 
157,Skechers GO GOLF Max Fairway 3,"110,00 ",2 
158,Relaxed Fit: D'Lux Walker - Let it Glow,"90,00 ",2 
159,Relaxed Fit: D'Lux Walker - Daily Beauty,"90,00 ",1 
160,Relaxed Fit: D'Lux Walker - Get Oasis,"115,00 ",2 
161,Relaxed Fit: D'Lux Walker - Infinite Motion,"90,00 ",2 
162,Relaxed Fit: D'Lux Walker - Timeless Path,"90,00 ",2 
163,Ultra Flex 3.0 - Daily Choice,"85,00 ",3 
164,Ultra Flex 3.0 - Glam Night,"85,00 ",2 
165,Ultra Flex 3.0 - Classy Charm,"85,00 ",3
166,Skech-Lite Pro - Stunning Steps,"70,00 ",3 
167,Skech-Lite Pro - Glimmer Me,"70,00 ",2 
168,Skech-Lite Pro - Perfect Time,"70,00 ",2 
169,Skechers Arch Fit - Comfy Wave,"100,00 ",3 
170,Skechers Arch Fit - Metro Skyline,"100,00 ",1 
171,Skechers Arch Fit - Citi Drive,"100,00 ",1
172,Skechers Arch Fit - Infinity Cool,"100,00 ",1 
173,Gratis Sport - Live Golden,"85,00",1 
174,Dynamight 2.0 - Real Smooth,"65,00 ",1 
175,Skech-Air Dynamight - Luminosity,"70,00 ",1 
176,Skech-Air Dynamight - Fast,"70,00 ",4 
177,Skech-Air Court - Retro Avenue,"85,00 ",2 
178,Skechers Arch Fit Refine,"90,00 ",3 
179,Skechers Arch Fit Refine - Don't Go,"90,00 ",2 
180,Summits - Artistry Chic,"45,99 ",3 
181,Summits - Top Player,"65,00 ",3 
182,Summits,"65,00 ",5 
183,Summits - Fun Flair,"65,00 ",5 
184,Summits - Bright Charmer,"65,00 ",1 
185,Summits - Leopard Spot,"65,00 ",2 
186,Summits - South Rim,"55,00 ",2 
187,Summits AT - Artists Bluff,"65,00 ",3 
188,Summits - Next Wave,"65,00 ",1 
189,Summits - Suited,"55,00 ",3 
190,Summits,"65,00 ",4 
191,Flex Appeal 4.0 - Fresh Move,"85,00 ",2 
192,Flex Appeal 4.0 - Active Flow,"49,99 ",4 
193,Flex Appeal 4.0 - Brilliant View,"70,00 ",6 
194,Flex Advantage 4.0 - Wild Ballad,"75,00 ",1 
195,Graceful - Twisted Fortune,"55,00 ",2 
196,Graceful - Soft Soul,"65,00 ",2 
197,Ultra Flex - First Take,"85,00 ",1 
198,Fashion Fit - Bold Boundaries,"60,00 ",1 
199,GO RUN Pure 4,"115,00 ",1 
200,Skech-Air Dynamight - The Halcyon,"70,00 ",1 
201,Dynamight 2.0 - Eye to Eye,"45,99 ",4 
202,BOBS Too Cozy - Rockstar Pawty,"50,00 ",1 
203,BOBS Too Cozy - Chic Cat,"45,00 ",1 
204,BOBS Plush - Peace and Love,"45,00",1 
205,Fashion Fit - Effortless,"70,00 ",1 
206,D'Lites - Play On,"70,00 ",1
207,OG 85 - Goldn Gurl,"70,00 ",5 
208,OG 85 - Step N Fly,"65,00 ",1 
209,Billion - Subtle Spots,"70,00 ",1 
210,Reggae Slim - Vacay,"47,99 ",4 
211,Skechers On-the-GO 600 - Sunny,"50,00 ",1 
212,Skechers On-the-GO 600 - Glistening,"50,00 ",1 
213,Arya - Sweet Glitz,"75,00",1 
214,Seager - Power Hitter,"70,00 ",1 
215,Skechers On the GO Dreamy - Nightout,"70,00 ",1 
216,Work Relaxed Fit: Marsing - Gmina SR,"90,00 ",2 
217,Work: Sure Track - Jixie,"100,00 ",1 
218,BOBS Too Cozy - Dog-Attitude,"50,00 ",1 
219,Relaxed Fit: Reggae Fest 2.0 - New Yorker,"80,00 ",2 
220,Skechers On the GO Flex - Un Mar,"70,00 ",2 
221,Jammers - Say Goodbye,"80,00 ",2 
222,BOBS Pop-Ups 2 - Spring Crush,"55,00",1 
223,Skechers GO GOLF Pro V.2,"125,00",2 
224,Summits - New World,"70,00 ",1 
225,Skechers D'Lites,"90,00 ",2 
226,Cleo Snip - Sweet Daffodil,"55,00",1 
227,Keepsakes Wedge - Snow Kiss,"90,00 ",2 
228,Microburst 2.0 - Be Iconic,"70,00 ",2
229,Pop Ups - New Spark,"50,00 ",2 
230,Dynamight 2.0 - In a Flash,"60,00 ",2 
231,Bountiful - Quick Path,"55,00 ",5 
232,Dynamight 2.0 - Social Orbit,"60,00 ",2 
233,BOBS Too Cozy - Winter Howl,"50,00 ",1 
234,Relaxed Fit: D'Lux Walker - New Block,"60,00 ",1 
235,Relaxed Fit: Easy Going - High Zip,"90,00 ",1 
236,Synergy - Collab,"80,00 ",1 
237,Relaxed Fit: Easy Going - Moro Street,"85,00 ",2 
238,Skechers BOBS Sport Buno - How Sweet,"70,00 ",1 
239,Uno - High Regards,"90,00 ",2 
240,Uno Lite - Lighter One,"70,00 ",3 
241,Uno - Rose Bold,"85,00 ",1 
242,JGoldcrown: Uno - Golden Heart,"100,00 ",2 
243,JGoldcrown: Uno - Highlight Love,"95,00 ",2 
244,Skechers x JGoldcrown: Uno - Spread the Love,"100,00 ",2 
245,Skechers x JGoldcrown: Uno - Dripping In Love,"95,00 ",1 
246,Skechers x JGoldcrown: Uno - Metallic Love,"110,00 ",2 
247,JGoldcrown: Uno 2 - Floating Love,"100,00 ",1 
248,Skechers x JGoldcrown: Uno - Loving Love,"95,00 ",4 
249,Tres-Air Uno - Revolution-Airy,"90,00 ",2 
250,Track - New Staple,"65,00 ",1 
251,Track - Daytime Dreamer,"65,00 ",2 
252,Skechers Slip-ins: On-the-GO Joy - Cozy Dream,"100,00 ",3
253,Skechers Slip-ins: On-the-GO Joy,"90,00 ",2 
254,Skechers Slip-ins: On-the-GO Joy - Cozy Charm,"100,00 ",3
255,Relaxed Fit: Trego - Winter Feelings,"100,00 ",1 
256,Relaxed Fit: Trego - Falls Finest,"100,00 ",1 
257,Arya - Fresher Trick,"70,00 ",2 
258,Uno Rugged - Fall Air,"90,00 ",4 
259,Uno Rugged - Fall Mode,"95,00 ",1 
260,Skechers On-the-GO Joy - Plush Dreams,"75,00 ",3 
261,Skechers On-the-GO Glacial Ultra - Woodlands,"85,00 ",1 
262,Modern Rugged - The Voyager,"100,00 ",1 
263,Tenley - New Chance,"85,00 ",3 
264,Tenley - Dreaming Of Fall,"80,00 ",2 
265,Relaxed Fit: Easy Going - Cool Zip!,"85,00 ",3 
266,Relaxed Fit: Easy Going - Cozy Weather,"75,00 ",2 
267,Texas - Fall Crush,"75,00 ",2 
268,Texas - Western Adventure,"80,00 ",2 
269,Cozy Campfire - Fresh Breeze,"55,00 ",1 
270,Cozy Campfire - Team Toasty,"40,00 ",1 
271,Cozy Campfire - Fresh Toast,"40,00 ",2 
272,Cozy Campfire - Cozy Times,"45,00 ",1 
273,Foamies: Arch Fit Footsteps - Day Dream,"40,00 ",1 
274,Skechers Slip-ins: Ultra Flex 3.0 - Summerville,"70,00 ",1 
275,BOBS Desert Kiss - Secret Picnic,"50,00",1 
276,Foamies: GO WALK 7 - Joyous,"50,00 ",2 
277,Uno - Summer Stand2,"70,00 ",1 
278,GO WALK Flex Sandal - Sublime,"60,00 ",1 
279,GO WALK FLEX Sandal - Sunshine,"65,00 ",1 
280,GO WALK Flex Sandal - Elation,"60,00 ",1 
281,BOBS Desert Kiss,"45,00 ",1 
282,BOBS Desert Kiss - Adobe Princess,"50,00 ",1 
283,BOBS Flexpadrille HI - Serene Heights,"70,00 ",1 
284,Cleo Sawdust - Real Living,"60,00 ",2 
285,Jen Stark: Uno - Mini Drip,"100,00 ",1 
286,Jen Stark: Uno - Infinite Drip,"110,00 ",2 
287,Cordova Classic,"75,00 ",4 
288,Eden LX - Top Grade,"70,00 ",3 
289,Eden LX - Beaming Glory,"70,00 ",2 
290,Cordova Classic - Top Tier,"80,00 ",1 
291,Sport Court 92 - Illustrious,"80,00 ",1 
292,Skechers Slip-ins: Ultra Flex 3.0 - Glitter Me,"95,00 ",1 
293,Skechers Slip-ins: Summits - Unknown Trail,"80,00 ",3 
294,Skechers Slip-ins: Hazel - Priya,"85,00 ",3 
295,Skechers Slip-ins Relaxed Fit: Easy Going - Dreamers Move,"95,00 ",3 
296,Texas - Westernville,"90,00 ",2 
297,Skechers Slip-ins: Glide-Step - High Shine,"100,00 ",2 
298,BOBS Keepsakes Lite - Warm Regards,"45,00 ",2 
299,Keepsakes 2.0 - Morning Walks,"85,00 ",2 
300,Arch Fit Arcade - Arcata,"75,00 ",1 
301,Foamies: Namaste - Inner Peace,"50,00 ",2 
302,Skech-Air Dynamight - Laid Out,"70,00 ",1 
303,Skechers Slip-ins: Viper Court Elite,"160,00 ",1 
304,Camdenn - Been Lifted,"80,00 ",2 
305,BOBS Cozy Chill,"40,00 ",3 
306,Max Cushioning Elite 2.0 - Delphina,"110,00 ",1 
307,BOBS Keepsakes Lite - Bejeweled One,"50,00 ",1 
308,Skechers Vapor Foam - Summer Journey,"85,00 ",1 
309,Energy - Timeless Vision,"80,00 ",1 
310,Relaxed Fit: Breathe-Easy - Friendly Ties,"75,00 ",2 
311,Skechers Arch Fit S-Miles - Sonrisas,"100,00 ",1 
312,Work Relaxed Fit: Sure Track - Trickel,"90,00 ",1 
313,Relaxed Fit: D'Lux Walker 2.0 - Golden Step,"90,00 ",2 
314,Work: Bulklin - Lyndale Comp Toe,"110,00 ",1 
315,Work: Arch Fit Riverbound - Pasay SR,"70,00 ",1 
316,Cleo 2.0 - Glitzy Daze,"60,00 ",1 
317,Cozy Campfire - French Toast 2,"40,00 ",2 
318,D'Lites - Golden Chic,"80,00 ",1 
319,Synergy - Lovely Collab,"75,00 ",2 
320,Skechers Slip-ins: Graceful - First Blush,"85,00 ",2 
321,BOBS Keepsakes Lite - Cozy Blend,"45,00 ",2 
322,Trego - Snow Worries,"100,00 ",5 
323,Skechers SKX_01 Gold FG,"100,00 ",2 
324,BOBS Too Cozy - Puppy Pal,"45,00 ",1 
325,Work Relaxed Fit: Nampa - Wyola SR,"65,00 ",1 
326,Skechers Slip-ins: BOBS Too Cozy - Meow PJ's,"50,00 ",1 
327,BOBS Gala,"70,00 ",2 
328,Ultra Flex 3.0 - Elegant Night,"85,00 ",1 
329,Skechers Slip-ins: BOBS Sport Unity,"85,00 ",1 
330,Keepsakes Lite - Freezing Point 2,"85,00 ",1 
331,On-the-GO Stellar - Alpine Adventure,"100,00 ",2 
332,Skechers Slip-ins: BOBS D'Vine - So Flattered,"70,00 ",1 
333,Uno - World of Gems,"100,00 ",1 
334,Skechers Slip-ins: Arch Fit 2.0 - Easy Chic,"115,00 ",4 
335,Skechers Slip-ins: Ultra Flex 3.0 - Shining Glitz,"110,00 ",2 
336,Jade - Shining Stones,"80,00 ",2 
337,Uno Rugged - Darling Days,"100,00 ",5 
338,Cleo Sawdust - Twinkle,"60,00 ",2 
339,Skechers Slip-ins Waterproof: Summits - Best Choice,"110,00 ",3 
340,BOBS Tango,"70,00 ",2 
341,Arch Fit Refine - Iris,"85,00 ",1 
342,Vapor Foam Lite - Revolve,"70,00 ",1
343,Park City,"90,00 ",2 
344,Ultra Flex 3.0 - All Momentum,"85,00 ",2 
345,GO WALK Flex - Kali,"75,00 ",4 
346,Skechers Razor Gold TF,"100,00 ",2 
347,On-the-GO Glacial Ultra - Trend Up,"80,00 ",2 
348,BOBS Cozy Chill - Light Downtime,"40,00 ",1 
349,Skechers Slip-ins: BOBS Sport Squad Chaos,"80,00 ",2 
350,Skechers Slip-ins: BOBS Sport Sparrow 2.0 - Lucky Run,"75,00 ",2 
351,Skechers Slip-ins Relaxed Fit: Viper Court Reload,"100,00 ",2 
352,Lingo - Glam Central,"85,00 ",3 
353,Hiland - Quite Chic,"80,00 ",3 
354,GO RUN Elevate 2.0 - Allaire,"90,00 ",1 
355,Uno - Majestic Garden,"95,00 ",1 
356,On-the-GO Flex - Logan,"75,00 ",2 
357,GO WALK Max Walker - Sally,"90,00 ",1 
358,Uno Rugged - Fall Air 2,"125,00 ",3 
359,Work: Arch Fit SR - Trickell II,"95,00 ",1 
360,Vapor Plus - Stoked,"80,00 ",2 
361,Zinger - Metallic Roads,"75,00 ",2 
362,Skech-Lite Pro - Through The Mud,"90,00 ",2 
363,Relaxed Fit: Breathe-Easy - Keep Clean,"65,00 ",1 
364,Summits - Pixi,"65,00 ",2 
365,Flex Appeal 5.0,"75,00 ",5 
366,Skechers Razor Gold FG,"100,00 ",2 
367,BOBS D'Vine Sky - Main Step,"65,00 ",1 
368,Skechers Slip-Ins: GO WALK Arch Fit 2.0 - Delara,"110,00 ",2 
369,Glide-Step Gratify - Lume,"90,00 ",2 
370,BOBS D'Vine Sky - Prime Pace,"60,00 ",1 
371,Skechers Slip-ins RF: Reggae Fest 2.0 - Guiding,"80,00 ",3 
372,Work: Arch Fit SR,"90,00 ",1 
373,Synergy - Plaid Mood,"70,00 ",1 
374,Skechers GO WALK Arch Fit - Iconic,"90,00 ",1 
375,Skechers Slip-ins: Glide-Step Pro,"95,00 ",4 
376,Skechers Slip-ins: Virtue - Sleek,"80,00 ",4 
377,Skechers BOBS Sport Sparrow Flex - Instant Clout,"70,00 ",4 
378,Waterproof: GO RUN Trail Altitude 2.0,"110,00 ",1 
379,Max Cushioning Elite 2.0 - Levitate,"110,00 ",2 
380,On-the-GO Joy - Cozy Haven,"80,00 ",1 
381,Skechers Slip-ins: Breathe-Easy - Roll-With-Me,"80,00 ",2 
382,Summits - Sneak Peek,"70,00 ",2 
383,On-the-GO Encore - Snow-Capped,"80,00 ",1
384,Uno - Disco Rave,"100,00 ",1 
385,GO WALK 7 - Vina,"85,00 ",5 
386,Relaxed Fit: Edgeride - Smooth Journey,"70,00 ",2 
387,Skechers Slip-ins: Reggae 2.0 - Sunny Sky,"80,00 ",2 
388,Skechers Slip-ins: BOBS Too Cozy - Family Tree,"50,00 ",1 
389,GO RUN Persistence 2,"125,00 ",1 
390,On-the-GO Glacial Ultra - Mountain Muse,"90,00 ",1 
391,GO RUN Elevate 2.0,"85,00 ",2 
392,Skechers Slip-ins: Ultra Flex 3.0 - Heart Me,"110,00 ",1 
393,On-the-GO Glacial Ultra - Cozyly,"90,00 ",4 
394,BOBS Vista,"70,00 ",2 
395,Million Air - Elevated Luxe Air,"95,00 ",2 
396,Ultra Flex 2.0 - Social Crew,"80,00 ",1 
397,On-the-GO Glacial Ultra - Tahoe,"90,00 ",2 
398,Skechers Slip-ins: GO WALK Flex - Mali,"90,00 ",2 
399,Be-Cool - Classy Step,"65,00 ",2 
400,GO WALK Arch Fit 2.0 - Mountain View,"100,00 ",2 
401,Ultra Flex 2.0 - Icelyn,"75,00 ",2 
402,Mark Nason: A Linear 2.0 - Jovy,"90,00 ",1 
403,Virtue,"65,00 ",1 
404,Virtue - Ambrosia,"65,00 ",1 
405,Uno Rugged - Dancing N The Rain,"85,00 ",2 
406,Waterproof: Arch Fit 2.0 - Rainy Days,"125,00 ",2 
407,D'Lites - Vintage Vision,"90,00 ",1 
408,Skechers Slip-ins: D'Lites - New Scene,"90,00 ",1 
409,Ultra Flex 2.0 - Casual Mix,"75,00 ",1 
410,Hiland - Soft Metals,"80,00 ",1 
411,Synergy - Cool Seeker,"70,00 ",2 
412,On-the-GO Stellar - Cozy Step,"100,00 ",3 
413,Skechers Slip-ins: Hazel - Rosalind,"85,00 ",1 
414,Skechers SKX_1.5 Academy TF,"100,00 ",2 
415,Hazel - Pretty Knitty,"75,00 ",3 
416,Reggae Slim - Skech Appeal,"55,00 ",1 
417,Arch Fit 2.0 - Fast Paced,"95,00 ",3 
418,BOBS Keepsakes - Ice Angel,"45,00 ",2 
419,Relaxed Fit: Edgeride - Power Flow,"75,00 ",3 
420,Dynamight 2.0 - Homespun,"55,00 ",1 
421,Skechers Slip-ins: Ultra Flex 3.0 - Easy Win,"95,00 ",1 
422,Work Relaxed Fit: Dighton - Bricelyn SR,"75,00 ",2 
423,On-the-GO Flex - Whisper,"65,00 ",1 
424,Jade - On The Dot,"80,00 ",1 
425,Skech-Air Court - Air Wave,"85,00 ",3 
426,Skech-Lite Pro - Fade Out,"70,00 ",2 
427,JGoldcrown: Uno Lite - Heart of Hearts,"80,00 ",1 
428,Skechers SKX 01 - 1.5 ELITE FG,"225,00 ",2 
429,GO RUN Consistent 2.0 - Engaged,"70,00 ",2 
430,GO WALK Joy - Violet,"65,00 ",1 
431,Uno - - Stand High,"90,00 ",3 
432,Uno Chaos,"145,00 ",3 
433,Work: Squad SR,"65,00 ",1
434,Flex Appeal 5.0 - Uptake,"70,00 ",1 
435,Uno - Night Shades,"90,00 ",4 
436,On-the-GO Glacial Ultra - Wonderland,"80,00 ",3 
437,Skechers Slip-ins: Tres-Air Uno - Easy Steppers,"100,00 ",2 
438,Skechers Slip-ins: BOBS Sport Infinity - Daily,"85,00 ",1 
439,BOBS Arch Comfort B Sweet - A Bind,"70,00 ",3 
440,Skechers BOBS Sport B Flex Hi - Flying HI,"65,00 ",2 
441,GO WALK 7 - Blink,"95,00 ",1 
442,Work Relaxed Fit: Sure Track - Erath SR,"90,00 ",2 
443,Vapor Foam - Smooth Ride,"80,00 ",1 
444,Jade - Too Easy,"75,00 ",1 
445,Skechers Slip-ins: Skech-Lite Pro - Natural,"85,00 ",2 
446,Skechers Slip-ins: Summits AT,"85,00 ",1 
447,Uno - Metallixs,"100,00 ",2 
448,Skechers On-the-GO Dreamy - Groovee Gal,"75,00 ",1 
449,Skechers Max Cushioning Arch Fit 2.0 - Avenida,"120,00 ",1 
450,Skechers On the GO Joy - Savvy,"75,00 ",2 
451,Keepsakes Lite - Snowbird,"60,00 ",2 
452,Billion 2 - Winning Streak,"75,00 ",2 
453,Work Relaxed Fit: Ghenter - Dagsby SR,"90,00 ",1 
454,Skechers Slip-ins Work: Tilido - Ombray,"120,00 ",3 
455,Skechers Slip-ins: BOBS Sport Squad Chaos,"75,00 ",1
456,Arch Fit - Brightest Day,"65,00 ",1 
457,GO RUN Consistent 2.0 - Fast Pace,"70,00 ",2 
458,Uno - Shiny One,"115,00 ",1 
459,GO RUN Trail Altitude 2.0 - Ravine,"80,00 ",1 
460,Skechers BOBS Sport Infinity,"70,00 ",3 
461,FLEX APPEAL 4.0 - LET IT BLOSSOM,"75,00 ",1 
462,Virtue - Lucent,"65,00 ",2
463,Skechers Slip-ins: GO WALK 7 - Via,"110,00 ",2 
464,BOBS Arch Comfort B Sweet - A Pinch,"70,00 ",2 
465,Tres-Air Uno - Street Fl-Air,"100,00 ",1 
466,Zinger 2.0 - The Arwen,"70,00 ",1 
467,Tres-Air Uno - Glit-Airy,"90,00 ",2 
468,Skechers GO Lounge: On-the-GO Joy - Gratify,"75,00 ",2 
469,Skech-Air Dynamight 2.0 - New Heights,"70,00 ",3 
470,Skechers Slip-ins: GO WALK Arch Fit - Summer,"110,00 ",1 
471,Waterproof: Summits AT - Wynnwood,"95,00 ",2 
472,Work Relaxed Fit: Ghenter - Srelt SR,"80,00 ",1 
473,Relaxed Fit: Modern D'Lux - Free Mind,"75,00 ",3 
474,Hillcrest - Pure Escapade,"75,00 ",2 
475,Work: Uno SR,"100,00 ",2 
476,Uno - Pop Back,"90,00 ",3 
477,GO RUN Consistent 2.0 - Advantage,"70,00 ",2 
478,Max Cushioning Propulsion,"130,00 ",1 
479,Flex Appeal 5.0 - New Thrive,"70,00 ",2 
480,Arch Fit Inspire - Olivia,"80,00 ",2 
481,Dynamight 2.0 - Eazy Feelz,"70,00 ",2 
482,Skech-Air Dynamight - Perfect Steps,"70,00 ",2 
483,Skechers Slip-ins: GO WALK Joy - Vela,"85,00 ",2
484,Uno - Frosty Kicks,"90,00 ",2 
485,Skechers Slip-ins: D'Lites - New Classic,"95,00 ",1 
486,Uno - Diamond Shatter,"90,00 ",1 
487,Work Relaxed Fit: Ghenter - Bronaugh SR,"80,00 ",2 
488,Dynamight - Blissful,"55,00 ",1 
489,Skechers BOBS Sport Squad Waves - Just Wading,"60,00 ",1 
490,Reggae Slim - Meadow Grazer,"55,00 ",1 
491,Fashion Fit - Timeless Vibe,"80,00 ",1 
492,I-Conik,"65,00 ",1 
493,Grand 92 - Be Lifted,"75,00 ",1 
494,Skech-Lite Pro - Warm Glow,"70,00 ",2 
495,Summits - New Nature,"65,00 ",1 
496,GO RUN Consistent 2.0 - Retro Stride,"85,00 ",1 
497,BOBS Desert Chill - Sweet Crossing,"60,00 ",1 
498,Skech-Air Dynamight - So Sleek,"70,00 ",2 
499,Billion 2 - Pretty 'N' Plush,"75,00 ",1 
500,Skechers SKX_01 - 1.5 HIGH ELITE FG,"225,00 ",2 
501,Skechers Razor - 1.5 ELITE FG,"225,00 ",2 
502,Max Cushioning Suspension - Terrace,"140,00 ",1 
503,Switch Back - Zenventure,"85,00 ",1 
504,Uno 2,"95,00 ",1 
505,Work: Eldred SR,"85,00 ",1 
506,Work Relaxed Fit: Sure Track,"90,00 ",1 
507,Dynamight - Break-Through,"60,00 ",1 
508,Work: Bulklin - Ayak Comp Toe,"110,00 ",1 
509,Relaxed Fit: Arch Fit Granola - Restful Nights,"75,00 ",1 
510,Skechers Slip-ins: Summits - Diamond Dream,"80,00 ",1 
511,Modern Rugged,"115,00 ",1 
512,Newbury St - Casually,"70,00 ",1 
513,Tres-Air Uno - Revolution-Airy,"90,00 ",1 
514,Premium Leather Slip-ins Snoop One - OG,"110,00 ",2 
515,Graceful - Get Connected,"65,00 ",6
516,Skechers Slip-ins: GO WALK Joy - Abby,"85,00 ",2 
517,Summits - Oh So Smooth,"65,00 ",1 
518,Arch Fit GO GOLF Max 2 - Splash,"115,00",1 
519,GO GOLF Max 3,"79,99 ",4 
520,Skechers Razor,"131,99 ",4 
521,SKECHERS SKX_01 - High™,"131,99 ",4 
522,GO GOLF Max - Fairway 4,"63,99 ",3 
523,SKECHERS SKX_01 - Low™,"131,99 ",4 
524,Arch Fit Inspire - Windmore,"75,00 ",2 
